source_id,vendor_id,source_url,source_type,source_name,document_title,document_date,department,source_page,retrieved_at,supports_fields,notes
1,HB-DOC-0001,https://rawatmisthanbhandar.in/,OFFICIAL_BUSINESS_WEBSITE,,,,,,2026-08-13,primary record,
2,HB-DOC-0001,https://www.jaipurunveiled.com/best-street-food-in-jaipur-mirchi-bada-pyaaz-kachori-beyond/,NEWS_MEDIA,Jaipur Unveiled,,,,,2026-08-13,"history, signature dishes",
3,HB-DOC-0001,https://jaipurinsider.com/food-guide,NEWS_MEDIA,Jaipur Insider,,,,,2026-08-13,"price, location",
4,HB-DOC-0002,https://learnjaipur.in/lassiwala-jaipur/,NEWS_MEDIA,,,,,,2026-08-13,primary record,
5,HB-DOC-0002,https://www.tasteofcity.com/jaipur/lassiwala-ki-lassi-mi-road,NEWS_MEDIA,Taste of City,,,,,2026-08-13,"existence, dish",
6,HB-DOC-0002,https://ilovejaipur.city/lassiwala-jaipur-mi-road-guide/,NEWS_MEDIA,I Love Jaipur,,,,,2026-08-13,"shop number, landmark",
7,HB-DOC-0003,https://lmbsweets.com/about-us/,OFFICIAL_BUSINESS_WEBSITE,,,,,,2026-08-13,primary record,
8,HB-DOC-0003,https://en.wikipedia.org/wiki/LMB_Hotel,OTHER,Wikipedia,,,,,2026-08-13,"history, identity",
9,HB-DOC-0004,https://gulabjichaiwale.com/,OFFICIAL_BUSINESS_WEBSITE,,,,,,2026-08-13,primary record,
10,HB-DOC-0004,https://thebetterindia.com/188056/jaipur-legendary-tea-shop-history-food-india/,NEWS_MEDIA,The Better India,,,,,2026-08-13,"history, price, founder",
11,HB-DOC-0005,https://www.outlooktraveller.com/experiences/food-and-drink/a-weekend-in-the-street-food-haven-of-jaipur,NEWS_MEDIA,,,,,,2026-08-13,primary record,
12,HB-DOC-0005,https://jaipurlove.com/sahu-tea-stall-in-jaipur/,NEWS_MEDIA,Jaipur Love,,,,,2026-08-13,history,
13,HB-DOC-0005,https://www.cityscope.media/all/article/sahus-secret-jaipurs-legendary-morning-chai,NEWS_MEDIA,Cityscope,,,,,2026-08-13,price,
14,HB-DOC-0006,https://eggdee.com/,OFFICIAL_BUSINESS_WEBSITE,,,,,,2026-08-13,primary record,
15,HB-DOC-0006,https://www.cityshor.com/public/jaipur/150-types-of-eggy-delights-at-sanjay-omelet,NEWS_MEDIA,CityShor,,,,,2026-08-13,"location, menu breadth",
16,HB-DOC-0007,https://www.tasteofcity.com/jaipur/pandit-kulfi-ki-kulfi-hawa-mahal-road,NEWS_MEDIA,,,,,,2026-08-13,primary record,
17,HB-DOC-0007,https://www.tripadvisor.com/Restaurant_Review-g304555-d7856450-Reviews-Pandit_Kulfi-Jaipur_Jaipur_District_Rajasthan.html,OTHER,Tripadvisor,,,,,2026-08-13,existence,
18,HB-DOC-0008,https://www.outlooktraveller.com/experiences/food-and-drink/a-weekend-in-the-street-food-haven-of-jaipur,NEWS_MEDIA,,,,,,2026-08-13,primary record,
19,HB-DOC-0008,https://www.jaipurlove.com/masala-chowk-jaipur-review/880/,NEWS_MEDIA,Jaipur Love,,,,,2026-08-13,Masala Chowk stall,
20,HB-DOC-0008,https://homegrown.co.in/homegrown-explore/food-drinks/a-homegrown-guide-to-must-try-street-food-spots-in-jaipur,NEWS_MEDIA,Homegrown,,,,,2026-08-13,corroboration,
21,HB-DOC-0009,https://www.outlooktraveller.com/experiences/food-and-drink/a-weekend-in-the-street-food-haven-of-jaipur,NEWS_MEDIA,,,,,,2026-08-13,primary record,
22,HB-DOC-0010,https://www.outlooktraveller.com/experiences/food-and-drink/a-weekend-in-the-street-food-haven-of-jaipur,NEWS_MEDIA,,,,,,2026-08-13,primary record,
23,HB-DOC-0011,https://www.outlooktraveller.com/experiences/food-and-drink/a-weekend-in-the-street-food-haven-of-jaipur,NEWS_MEDIA,,,,,,2026-08-13,primary record,
24,HB-DOC-0012,https://www.outlooktraveller.com/experiences/food-and-drink/a-weekend-in-the-street-food-haven-of-jaipur,NEWS_MEDIA,,,,,,2026-08-13,primary record,
25,HB-DOC-0013,https://www.outlooktraveller.com/experiences/food-and-drink/a-weekend-in-the-street-food-haven-of-jaipur,NEWS_MEDIA,,,,,,2026-08-13,primary record,
26,HB-DOC-0014,https://www.outlooktraveller.com/experiences/food-and-drink/a-weekend-in-the-street-food-haven-of-jaipur,NEWS_MEDIA,,,,,,2026-08-13,primary record,
27,HB-DOC-0014,https://www.jaipurlove.com/masala-chowk-jaipur-review/880/,NEWS_MEDIA,Jaipur Love,,,,,2026-08-13,Masala Chowk stall,
28,HB-DOC-0015,https://homegrown.co.in/homegrown-explore/food-drinks/a-homegrown-guide-to-must-try-street-food-spots-in-jaipur,NEWS_MEDIA,,,,,,2026-08-13,primary record,
29,HB-DOC-0015,https://www.mappls.com/xutlxm,OTHER,Mappls,,,,,2026-08-13,address,
30,HB-DOC-0016,https://www.jaipurlove.com/masala-chowk-jaipur-review/880/,NEWS_MEDIA,,,,,,2026-08-13,primary record,
31,HB-DOC-0016,https://homegrown.co.in/homegrown-explore/food-drinks/a-homegrown-guide-to-must-try-street-food-spots-in-jaipur,NEWS_MEDIA,Homegrown,,,,,2026-08-13,corroboration,
32,HB-DOC-0017,https://www.jaipurlove.com/masala-chowk-jaipur-review/880/,NEWS_MEDIA,,,,,,2026-08-13,primary record,
33,HB-DOC-0017,https://homegrown.co.in/homegrown-explore/food-drinks/a-homegrown-guide-to-must-try-street-food-spots-in-jaipur,NEWS_MEDIA,Homegrown,,,,,2026-08-13,corroboration,
34,HB-DOC-0018,https://www.jaipurlove.com/masala-chowk-jaipur-review/880/,NEWS_MEDIA,,,,,,2026-08-13,primary record,
35,HB-DOC-0018,https://www.pinkcitypost.com/masala-chowk-in-jaipur-all-you-need-to-know-about-this-famous-food-destination/,NEWS_MEDIA,Pink City Post,,,,,2026-08-13,corroboration,
36,HB-DOC-0019,https://www.jaipurlove.com/masala-chowk-jaipur-review/880/,NEWS_MEDIA,,,,,,2026-08-13,primary record,
37,HB-DOC-0020,https://www.jaipurlove.com/masala-chowk-jaipur-review/880/,NEWS_MEDIA,,,,,,2026-08-13,primary record,
38,HB-DOC-0021,https://foodiesonly.in/blogs/jaipurs-traditional-ghewar-shops-you-must-visit,NEWS_MEDIA,,,,,,2026-08-13,primary record,
39,HB-DOC-0021,https://www.jaipurunveiled.com/best-ghewar-in-jaipur-famous-ghevar-shops-prices-must-try-sweets/,NEWS_MEDIA,Jaipur Unveiled,,,,,2026-08-13,"branches, seasonal ghewar",
40,HB-DOC-0022,https://www.kanha.co/about.html,OFFICIAL_BUSINESS_WEBSITE,,,,,,2026-08-13,primary record,
41,HB-DOC-0022,https://www.facebook.com/kanharestaurants/,PUBLIC_SOCIAL_PROFILE,Kanha Facebook,,,,,2026-08-13,corroboration,
42,HB-DOC-0023,https://homegrown.co.in/homegrown-explore/food-drinks/a-homegrown-guide-to-must-try-street-food-spots-in-jaipur,NEWS_MEDIA,,,,,,2026-08-13,primary record,
43,HB-DOC-0003,https://www.openstreetmap.org/node/2684968689,OPENSTREETMAP,OpenStreetMap contributors (ODbL),,,,,2026-08-13,"location (lat/lon), name corroboration",
44,HB-DOC-0004,https://www.openstreetmap.org/node/5249183922,OPENSTREETMAP,OpenStreetMap contributors (ODbL),,,,,2026-08-13,"location (lat/lon), name corroboration",
45,HB-DOC-0005,https://www.openstreetmap.org/node/6718124385,OPENSTREETMAP,OpenStreetMap contributors (ODbL),,,,,2026-08-13,"location (lat/lon), name corroboration",
46,HB-DOC-0007,https://www.openstreetmap.org/node/6132611585,OPENSTREETMAP,OpenStreetMap contributors (ODbL),,,,,2026-08-13,"location (lat/lon), name corroboration",
