category_code,category_name,description
street_food,Street Food,"Chaat, pani puri, general street snacks explicitly tagged as street food"
fast_food_snacks,Fast Food / Snacks,"Small fast-food outlets, snack counters, momos/noodles stalls"
sweets,Sweets / Mithai,"Sweet shops, confectionery, jalebi, traditional mithai"
kachori_samosa,Kachori / Samosa,"Pyaz kachori, dal kachori, samosa specialists"
dairy_lassi,Dairy / Lassi,"Lassi shops, dairy counters, buttermilk"
kulfi_ice_cream,Kulfi / Ice Cream,"Kulfi stalls, ice-cream parlours"
tea_chai,Tea / Chai,"Chai stalls and tea shops"
bakery,Bakery,"Bakeries and pastry shops"
rajasthani_traditional,Rajasthani Traditional,"Dal baati churma, mirchi bada, traditional Rajasthani food"
small_eatery,Small Eatery,"Small local restaurants and dhabas (not large chains)"
cafe,Cafe,"Cafes and coffee shops"
food_court,Food Court,"Organized food courts and their stalls (e.g. Masala Chowk)"
late_night,Late Night Food,"Vendors primarily operating late night"
breakfast,Local Breakfast,"Morning-focused vendors (poha, kachori breakfast, etc.)"
other,Other,"Uncategorized food business"
