vendor_id,vendor_name,vendor_type,city,state,area,locality,market,street,landmark,latitude,longitude,location_accuracy,address,food_category,food_subcategories,cuisine,signature_dish,price_min,price_max,price_currency,opening_time,closing_time,closed_days,phone,website,instagram,other_public_contact,source_url,source_type,source_name,government_registration_number,government_source,verification_status,verification_level,last_verified_at,verified_location,verified_business,verified_food_type,verified_hours,verified_price,photos_source,photo_license_status,hidden_gem_candidate,hidden_gem_score,hidden_gem_score_status,rating,review_count,description,data_confidence,notes
HB-OSM-N3685075825,Pizza Hut,eatery,Jaipur,Rajasthan,Sindhi Camp,,,M. I. Road,,26.9194775,75.7996659,OSM_MAPPED,"109, M. I. Road",small_eatery,,pizza,,,,,,,,,,,,https://www.openstreetmap.org/node/3685075825,OPENSTREETMAP,OpenStreetMap contributors (ODbL),,,CANDIDATE,LEVEL_1_SOURCE_VERIFIED,2026-08-13,false,false,false,false,false,,,,,INSUFFICIENT_DATA,,,,LOW,"OSM tags: {""addr:housenumber"": ""109"", ""addr:street"": ""M. I. Road"", ""amenity"": ""restaurant"", ""brand"": ""Pizza Hut"", ""brand:wikidata"": ""Q191615"", ""cuisine"": ""pizza"", ""name"": ""Pizza Hut""} | area DERIVED from OSM coordinates (nearest locality centroid, ~0.17 km); not source-stated"
HB-OSM-N3781906926,McDonald's,food_stall_or_fast_food,Jaipur,Rajasthan,MI Road,,,,,26.9159839,75.8098987,OSM_MAPPED,,fast_food_snacks,,burger,,,,,,,,,,,,https://www.openstreetmap.org/node/3781906926,OPENSTREETMAP,OpenStreetMap contributors (ODbL),,,CANDIDATE,LEVEL_1_SOURCE_VERIFIED,2026-08-13,false,false,false,false,false,,,,,INSUFFICIENT_DATA,,,,LOW,"OSM tags: {""amenity"": ""fast_food"", ""brand"": ""McDonald's"", ""brand:pa"": ""ਮੈਕਡੋਨਲਡ’ਜ਼"", ""brand:ur"": ""مکڈونلڈز"", ""brand:wikidata"": ""Q38076"", ""brand:wikipedia"": ""en:McDonald's"", ""brand:wikipedia:pa"": ""ਮੈਕਡੋਨਲਡ’ਜ਼"", ""brand:wikipedia:ur"": ""مکڈونلڈز"", ""cuisine"": ""burger"", ""name"": ""McDonald's"", ""name:pa"": ""ਮੈਕਡੋਨਲਡ’ਜ਼"", ""name:ur"": ""مکڈونلڈز"", ""takeaway"": ""yes""} | area DERIVED from OSM coordinates (nearest locality centroid, ~0.31 km); not source-stated"
HB-OSM-N4015018939,Cafe Coffee Day,cafe,Jaipur,Rajasthan,C-Scheme,,,Yudhishthir Marg,,26.9060748,75.7970467,OSM_MAPPED,"R-14, Yudhishthir Marg, Jaipur, 302001",cafe,,coffee_shop,,,,,11:00,23:00,,+911414048647,https://www.cafecoffeeday.com/,,,https://www.openstreetmap.org/node/4015018939,OPENSTREETMAP,OpenStreetMap contributors (ODbL),,,CANDIDATE,LEVEL_1_SOURCE_VERIFIED,2026-08-13,false,false,false,false,false,,,,,INSUFFICIENT_DATA,,,,LOW,"OSM tags: {""addr:city"": ""Jaipur"", ""addr:housenumber"": ""R-14"", ""addr:postcode"": ""302001"", ""addr:street"": ""Yudhishthir Marg"", ""amenity"": ""cafe"", ""brand"": ""Cafe Coffee Day"", ""brand:wikidata"": ""Q5017235"", ""brand:wikipedia"": ""en:Café Coffee Day"", ""cuisine"": ""coffee_shop"", ""internet_access"": ""no"", ""level"": ""0"", ""name"": ""Cafe Coffee Day"", ""opening_hours"": ""11:00-23:00"", ""phone"": ""+911414048647"", ""smoking"": ""outside"", ""takeaway"": ""yes"", ""website"": ""https://www.cafecoffeeday.com/"", ""wheelchair"": ""limited""} | area DERIVED from OSM coordinates (nearest locality centroid, ~0.39 km); not source-stated"
HB-OSM-N4460472108,Domino's,food_stall_or_fast_food,Jaipur,Rajasthan,MI Road,,,,,26.9151335,75.8099213,OSM_MAPPED,,fast_food_snacks,,pizza,,,,,,,,,,,,https://www.openstreetmap.org/node/4460472108,OPENSTREETMAP,OpenStreetMap contributors (ODbL),,,CANDIDATE,LEVEL_1_SOURCE_VERIFIED,2026-08-13,false,false,false,false,false,,,,,INSUFFICIENT_DATA,,,,LOW,"OSM tags: {""amenity"": ""fast_food"", ""brand"": ""Domino's"", ""brand:ks"": ""ڈومینوز"", ""brand:pa"": ""ਡੋਮੀਨੋਜ਼"", ""brand:ur"": ""ڈومینوز"", ""brand:wikidata"": ""Q839466"", ""brand:wikipedia"": ""en:Domino's Pizza"", ""cuisine"": ""pizza"", ""name"": ""Domino's"", ""name:ks"": ""ڈومینوز"", ""name:pa"": ""ਡੋਮੀਨੋਜ਼"", ""name:ur"": ""ڈومینوز"", ""takeaway"": ""yes""} | area DERIVED from OSM coordinates (nearest locality centroid, ~0.34 km); not source-stated"
HB-OSM-N5468492121,Cafe Coffee Day,cafe,Jaipur,Rajasthan,Bapu Bazaar,,,,,26.9112425,75.8197191,OSM_MAPPED,,cafe,,coffee_shop,,,,,,,,,,,,https://www.openstreetmap.org/node/5468492121,OPENSTREETMAP,OpenStreetMap contributors (ODbL),,,CANDIDATE,LEVEL_1_SOURCE_VERIFIED,2026-08-13,false,false,false,false,false,,,,,INSUFFICIENT_DATA,,,,LOW,"OSM tags: {""amenity"": ""cafe"", ""brand"": ""Cafe Coffee Day"", ""brand:wikidata"": ""Q5017235"", ""cuisine"": ""coffee_shop"", ""name"": ""Cafe Coffee Day"", ""name:en"": ""café coffee day"", ""takeaway"": ""yes""} | area DERIVED from OSM coordinates (nearest locality centroid, ~0.23 km); not source-stated"
HB-OSM-N6938645048,McDonald's,food_stall_or_fast_food,Jaipur,Rajasthan,Vaishali Nagar,,,Ajmer Road,,26.8949234,75.7484689,OSM_MAPPED,"Ajmer Road, Jaipur, 302021",fast_food_snacks,,burger,,,,,,,,,,,,https://www.openstreetmap.org/node/6938645048,OPENSTREETMAP,OpenStreetMap contributors (ODbL),,,CANDIDATE,LEVEL_1_SOURCE_VERIFIED,2026-08-13,false,false,false,false,false,,,,,INSUFFICIENT_DATA,,,,LOW,"OSM tags: {""addr:city"": ""Jaipur"", ""addr:postcode"": ""302021"", ""addr:street"": ""Ajmer Road"", ""amenity"": ""fast_food"", ""brand"": ""McDonald's"", ""brand:pa"": ""ਮੈਕਡੋਨਲਡ’ਜ਼"", ""brand:ur"": ""مکڈونلڈز"", ""brand:wikidata"": ""Q38076"", ""brand:wikipedia"": ""en:McDonald's"", ""brand:wikipedia:pa"": ""ਮੈਕਡੋਨਲਡ’ਜ਼"", ""brand:wikipedia:ur"": ""مکڈونلڈز"", ""cuisine"": ""burger"", ""drive_through"": ""yes"", ""name"": ""McDonald's"", ""name:pa"": ""ਮੈਕਡੋਨਲਡ’ਜ਼"", ""name:ur"": ""مکڈونلڈز"", ""takeaway"": ""yes""} | area DERIVED from OSM coordinates (nearest locality centroid, ~1.9 km); not source-stated"
HB-OSM-N6976031028,KFC,food_stall_or_fast_food,Jaipur,Rajasthan,Vaishali Nagar,,,,,26.9112339,75.7434521,OSM_MAPPED,,fast_food_snacks,,chicken,,,,,,,,,,,,https://www.openstreetmap.org/node/6976031028,OPENSTREETMAP,OpenStreetMap contributors (ODbL),,,CANDIDATE,LEVEL_1_SOURCE_VERIFIED,2026-08-13,false,false,false,false,false,,,,,INSUFFICIENT_DATA,,,,LOW,"OSM tags: {""alt_name"": ""Kentucky Fried Chicken"", ""alt_name:en"": ""Kentucky Fried Chicken"", ""alt_name:hi"": ""केंटुकी फ्राइड चिकन"", ""alt_name:pa"": ""ਕੈਂਟੁਕੀ ਫ੍ਰਾਈਡ ਚਿਕਨ"", ""alt_name:pnb"": ""کینٹکی فرائیڈ چکن"", ""alt_name:ur"": ""کینٹکی فرائیڈ چکن"", ""amenity"": ""fast_food"", ""brand"": ""KFC"", ""brand:en"": ""KFC"", ""brand:hi"": ""केएफसी"", ""brand:pa"": ""ਕੇਐਫਸੀ"", ""brand:pnb"": ""کے ایف سی"", ""brand:ur"": ""کے ایف سی"", ""brand:wikidata"": ""Q524757"", ""brand:wikipedia"": ""en:KFC"", ""brand:wikipedia:pa"": ""ਕੇਐਫਸੀ"", ""brand:wikipedia:ur"": ""کینٹکی فرائیڈ چکن"", ""cuisine"": ""chicken"", ""name"": ""KFC"", ""name:en"": ""KFC"", ""name:hi"": ""केएफसी"", ""name:pa"": ""ਕੇਐਫਸੀ"", ""name:pnb"": ""کے ایف سی"", ""name:ur"": ""کے ایف سی"", ""takeaway"": ""yes""} | area DERIVED from OSM coordinates (nearest locality centroid, ~0.15 km); not source-stated"
HB-OSM-N6976031029,Pizza Hut,eatery,Jaipur,Rajasthan,Vaishali Nagar,,,,,26.9112988,75.7433748,OSM_MAPPED,,small_eatery,,pizza,,,,,,,,,,,,https://www.openstreetmap.org/node/6976031029,OPENSTREETMAP,OpenStreetMap contributors (ODbL),,,CANDIDATE,LEVEL_1_SOURCE_VERIFIED,2026-08-13,false,false,false,false,false,,,,,INSUFFICIENT_DATA,,,,LOW,"OSM tags: {""amenity"": ""restaurant"", ""brand"": ""Pizza Hut"", ""brand:wikidata"": ""Q191615"", ""cuisine"": ""pizza"", ""name"": ""Pizza Hut""} | area DERIVED from OSM coordinates (nearest locality centroid, ~0.14 km); not source-stated"
HB-OSM-N6976031038,Domino's,food_stall_or_fast_food,Jaipur,Rajasthan,Vaishali Nagar,,,,,26.9124759,75.7435624,OSM_MAPPED,,fast_food_snacks,,pizza,,,,,,,,,,,,https://www.openstreetmap.org/node/6976031038,OPENSTREETMAP,OpenStreetMap contributors (ODbL),,,CANDIDATE,LEVEL_1_SOURCE_VERIFIED,2026-08-13,false,false,false,false,false,,,,,INSUFFICIENT_DATA,,,,LOW,"OSM tags: {""amenity"": ""fast_food"", ""brand"": ""Domino's"", ""brand:ks"": ""ڈومینوز"", ""brand:pa"": ""ਡੋਮੀਨੋਜ਼"", ""brand:ur"": ""ڈومینوز"", ""brand:wikidata"": ""Q839466"", ""brand:wikipedia"": ""en:Domino's Pizza"", ""cuisine"": ""pizza"", ""name"": ""Domino's"", ""name:ks"": ""ڈومینوز"", ""name:pa"": ""ਡੋਮੀਨੋਜ਼"", ""name:ur"": ""ڈومینوز"", ""takeaway"": ""yes""} | area DERIVED from OSM coordinates (nearest locality centroid, ~0.23 km); not source-stated"
HB-OSM-N7046290880,McDonald's,food_stall_or_fast_food,Jaipur,Rajasthan,Civil Lines,,,Sahakar Marg,,26.9032872,75.7929498,OSM_MAPPED,"Sahakar Marg, Jaipur",fast_food_snacks,,burger,,,,,,,,,,,,https://www.openstreetmap.org/node/7046290880,OPENSTREETMAP,OpenStreetMap contributors (ODbL),,,CANDIDATE,LEVEL_1_SOURCE_VERIFIED,2026-08-13,false,false,false,false,false,,,,,INSUFFICIENT_DATA,,,,LOW,"OSM tags: {""addr:city"": ""Jaipur"", ""addr:street"": ""Sahakar Marg"", ""amenity"": ""fast_food"", ""brand"": ""McDonald's"", ""brand:pa"": ""ਮੈਕਡੋਨਲਡ’ਜ਼"", ""brand:ur"": ""مکڈونلڈز"", ""brand:wikidata"": ""Q38076"", ""brand:wikipedia"": ""en:McDonald's"", ""brand:wikipedia:pa"": ""ਮੈਕਡੋਨਲਡ’ਜ਼"", ""brand:wikipedia:ur"": ""مکڈونلڈز"", ""cuisine"": ""burger"", ""name"": ""McDonald's"", ""name:pa"": ""ਮੈਕਡੋਨਲਡ’ਜ਼"", ""name:ur"": ""مکڈونلڈز"", ""takeaway"": ""yes""} | area DERIVED from OSM coordinates (nearest locality centroid, ~0.6 km); not source-stated"
HB-OSM-N7046290881,Pizza Hut Delivery,food_stall_or_fast_food,Jaipur,Rajasthan,Civil Lines,,,,,26.9033421,75.7923228,OSM_MAPPED,,fast_food_snacks,,pizza,,,,,,,,,,,,https://www.openstreetmap.org/node/7046290881,OPENSTREETMAP,OpenStreetMap contributors (ODbL),,,CANDIDATE,LEVEL_1_SOURCE_VERIFIED,2026-08-13,false,false,false,false,false,,,,,INSUFFICIENT_DATA,,,,LOW,"OSM tags: {""amenity"": ""fast_food"", ""brand"": ""Pizza Hut"", ""brand:wikidata"": ""Q191615"", ""cuisine"": ""pizza"", ""delivery"": ""yes"", ""name"": ""Pizza Hut Delivery"", ""takeaway"": ""yes""} | area DERIVED from OSM coordinates (nearest locality centroid, ~0.53 km); not source-stated"
HB-OSM-N8068694159,Cafe Coffee Day,cafe,Jaipur,Rajasthan,Malviya Nagar,,,Calgiri Road,,26.8593503,75.8083773,OSM_MAPPED,"Ground Floor, Calgiri Road",cafe,,coffee_shop,,,,,,,,,,,,https://www.openstreetmap.org/node/8068694159,OPENSTREETMAP,OpenStreetMap contributors (ODbL),,,CANDIDATE,LEVEL_1_SOURCE_VERIFIED,2026-08-13,false,false,false,false,false,,,,,INSUFFICIENT_DATA,,,,LOW,"OSM tags: {""addr:housenumber"": ""Ground Floor"", ""addr:street"": ""Calgiri Road"", ""amenity"": ""cafe"", ""brand"": ""Cafe Coffee Day"", ""brand:wikidata"": ""Q5017235"", ""brand:wikipedia"": ""en:Café Coffee Day"", ""cuisine"": ""coffee_shop"", ""name"": ""Cafe Coffee Day"", ""outdoor_seating"": ""no"", ""takeaway"": ""yes""} | area DERIVED from OSM coordinates (nearest locality centroid, ~0.37 km); not source-stated"
HB-OSM-N8084157086,Cafe Coffee Day,cafe,Jaipur,Rajasthan,Civil Lines,,,Hawa sadak,,26.9016256,75.7849972,OSM_MAPPED,Hawa sadak,cafe,,coffee_shop,,,,,,,,,,,,https://www.openstreetmap.org/node/8084157086,OPENSTREETMAP,OpenStreetMap contributors (ODbL),,,CANDIDATE,LEVEL_1_SOURCE_VERIFIED,2026-08-13,false,false,false,false,false,,,,,INSUFFICIENT_DATA,,,,LOW,"OSM tags: {""addr:street"": ""Hawa sadak"", ""amenity"": ""cafe"", ""brand"": ""Cafe Coffee Day"", ""brand:wikidata"": ""Q5017235"", ""brand:wikipedia"": ""en:Café Coffee Day"", ""cuisine"": ""coffee_shop"", ""name"": ""Cafe Coffee Day"", ""takeaway"": ""yes""} | area DERIVED from OSM coordinates (nearest locality centroid, ~0.33 km); not source-stated"
HB-OSM-N8125607613,Cafe Coffee Day,cafe,Jaipur,Rajasthan,Adarsh Nagar,,,,,26.9031,75.8365725,OSM_MAPPED,,cafe,,coffee_shop,,,,,,,,,,,,https://www.openstreetmap.org/node/8125607613,OPENSTREETMAP,OpenStreetMap contributors (ODbL),,,CANDIDATE,LEVEL_1_SOURCE_VERIFIED,2026-08-13,false,false,false,false,false,,,,,INSUFFICIENT_DATA,,,,LOW,"OSM tags: {""amenity"": ""cafe"", ""brand"": ""Cafe Coffee Day"", ""brand:wikidata"": ""Q5017235"", ""brand:wikipedia"": ""en:Café Coffee Day"", ""cuisine"": ""coffee_shop"", ""name"": ""Cafe Coffee Day"", ""takeaway"": ""yes""} | area DERIVED from OSM coordinates (nearest locality centroid, ~0.06 km); not source-stated"
HB-OSM-N8125618824,Domino's,food_stall_or_fast_food,Jaipur,Rajasthan,Adarsh Nagar,,,,,26.9033096,75.8368752,OSM_MAPPED,,fast_food_snacks,,pizza,,,,,,,,,,,,https://www.openstreetmap.org/node/8125618824,OPENSTREETMAP,OpenStreetMap contributors (ODbL),,,CANDIDATE,LEVEL_1_SOURCE_VERIFIED,2026-08-13,false,false,false,false,false,,,,,INSUFFICIENT_DATA,,,,LOW,"OSM tags: {""amenity"": ""fast_food"", ""brand"": ""Domino's"", ""brand:ks"": ""ڈومینوز"", ""brand:pa"": ""ਡੋਮੀਨੋਜ਼"", ""brand:ur"": ""ڈومینوز"", ""brand:wikidata"": ""Q839466"", ""brand:wikipedia"": ""en:Domino's Pizza"", ""cuisine"": ""pizza"", ""name"": ""Domino's"", ""name:ks"": ""ڈومینوز"", ""name:pa"": ""ਡੋਮੀਨੋਜ਼"", ""name:ur"": ""ڈومینوز"", ""takeaway"": ""yes""} | area DERIVED from OSM coordinates (nearest locality centroid, ~0.09 km); not source-stated"
HB-OSM-N9249525420,Starbucks,cafe,Jaipur,Rajasthan,C-Scheme,,,Chomu House Circle,,26.9108631,75.7952607,OSM_MAPPED,"A-5, Suryavanshi Pearl, Chomu House Circle, Jaipur, 302007",cafe,,coffee_shop;coffee,,,,,09:00,22:00,,,https://www.starbucks.in/,,,https://www.openstreetmap.org/node/9249525420,OPENSTREETMAP,OpenStreetMap contributors (ODbL),,,CANDIDATE,LEVEL_1_SOURCE_VERIFIED,2026-08-13,false,false,false,false,false,,,,,INSUFFICIENT_DATA,,,,LOW,"OSM tags: {""addr:city"": ""Jaipur"", ""addr:housenumber"": ""A-5, Suryavanshi Pearl"", ""addr:postcode"": ""302007"", ""addr:street"": ""Chomu House Circle"", ""amenity"": ""cafe"", ""brand"": ""Starbucks"", ""brand:pa"": ""ਸਟਾਰਬਕਸ"", ""brand:ur"": ""اسٹاربکس"", ""brand:wikidata"": ""Q37158"", ""brand:wikipedia"": ""en:Starbucks"", ""cuisine"": ""coffee_shop;coffee"", ""internet_access"": ""wlan"", ""internet_access:fee"": ""customers"", ""name"": ""Starbucks"", ""name:pa"": ""ਸਟਾਰਬਕਸ"", ""name:ur"": ""اسٹاربکس"", ""official_name"": ""Starbucks Coffee"", ""official_name:pa"": ""ਸਟਾਰਬਕਸ ਕੌਫੀ"", ""official_name:ur"": ""اسٹاربکس کافی"", ""opening_hours"": ""Mo-Su 09:00-22:00"", ""website"": ""https://www.starbucks.in/""} | area DERIVED from OSM coordinates (nearest locality centroid, ~0.79 km); not source-stated"
HB-OSM-N10718511277,Domino's,food_stall_or_fast_food,Jaipur,Rajasthan,Jagatpura,,,Jagatpura Flyover,,26.8375444,75.8337353,OSM_MAPPED,"Jagatpura Flyover, Jaipur, 302017",fast_food_snacks,,pizza,,,,,,,,,,,,https://www.openstreetmap.org/node/10718511277,OPENSTREETMAP,OpenStreetMap contributors (ODbL),,,CANDIDATE,LEVEL_1_SOURCE_VERIFIED,2026-08-13,false,false,false,false,false,,,,,INSUFFICIENT_DATA,,,,LOW,"OSM tags: {""addr:city"": ""Jaipur"", ""addr:postcode"": ""302017"", ""addr:street"": ""Jagatpura Flyover"", ""amenity"": ""fast_food"", ""brand"": ""Domino's"", ""brand:wikidata"": ""Q839466"", ""cuisine"": ""pizza"", ""drive_through"": ""yes"", ""name"": ""Domino's"", ""takeaway"": ""yes""} | area DERIVED from OSM coordinates (nearest locality centroid, ~1.5 km); not source-stated"
HB-OSM-N10904677040,Burger King,food_stall_or_fast_food,Jaipur,Rajasthan,Jagatpura,,,,,26.8372637,75.8339069,OSM_MAPPED,,fast_food_snacks,,burger,,,,,,,,,,,,https://www.openstreetmap.org/node/10904677040,OPENSTREETMAP,OpenStreetMap contributors (ODbL),,,CANDIDATE,LEVEL_1_SOURCE_VERIFIED,2026-08-13,false,false,false,false,false,,,,,INSUFFICIENT_DATA,,,,LOW,"OSM tags: {""amenity"": ""fast_food"", ""brand"": ""Burger King"", ""brand:wikidata"": ""Q177054"", ""cuisine"": ""burger"", ""name"": ""Burger King"", ""takeaway"": ""yes""} | area DERIVED from OSM coordinates (nearest locality centroid, ~1.48 km); not source-stated"
HB-OSM-N10959824962,Domino's,food_stall_or_fast_food,Jaipur,Rajasthan,,,,,,26.9476397,75.7241495,OSM_MAPPED,,fast_food_snacks,,pizza,,,,,,,,,,,,https://www.openstreetmap.org/node/10959824962,OPENSTREETMAP,OpenStreetMap contributors (ODbL),,,CANDIDATE,LEVEL_1_SOURCE_VERIFIED,2026-08-13,false,false,false,false,false,,,,,INSUFFICIENT_DATA,,,,LOW,"OSM tags: {""amenity"": ""fast_food"", ""brand"": ""Domino's"", ""brand:wikidata"": ""Q839466"", ""cuisine"": ""pizza"", ""name"": ""Domino's"", ""takeaway"": ""yes""}"
HB-OSM-N11697104756,Burger Farm,food_stall_or_fast_food,Jaipur,Rajasthan,,,,,,26.9474638,75.7249773,OSM_MAPPED,,fast_food_snacks,,,,,,,,,,,,,,https://www.openstreetmap.org/node/11697104756,OPENSTREETMAP,OpenStreetMap contributors (ODbL),,,CANDIDATE,LEVEL_1_SOURCE_VERIFIED,2026-08-13,false,false,false,false,false,,,,,INSUFFICIENT_DATA,,,,LOW,"OSM tags: {""amenity"": ""fast_food"", ""name"": ""Burger Farm""}"
HB-OSM-N11747461069,McDonald's,food_stall_or_fast_food,Jaipur,Rajasthan,Civil Lines,,,,,26.9034396,75.7929249,OSM_MAPPED,,fast_food_snacks,,burger,,,,,,,,,,,,https://www.openstreetmap.org/node/11747461069,OPENSTREETMAP,OpenStreetMap contributors (ODbL),,,CANDIDATE,LEVEL_1_SOURCE_VERIFIED,2026-08-13,false,false,false,false,false,,,,,INSUFFICIENT_DATA,,,,LOW,"OSM tags: {""amenity"": ""fast_food"", ""brand"": ""McDonald's"", ""brand:wikidata"": ""Q38076"", ""cuisine"": ""burger"", ""name"": ""McDonald's"", ""name:en"": ""McDonalds"", ""takeaway"": ""yes""} | area DERIVED from OSM coordinates (nearest locality centroid, ~0.59 km); not source-stated"
HB-OSM-N12595810336,Baskin RObins,food_stall_or_fast_food,Jaipur,Rajasthan,Vidyadhar Nagar,,,,,26.9562051,75.7794177,OSM_MAPPED,,fast_food_snacks,,,,,,,,,,,,,,https://www.openstreetmap.org/node/12595810336,OPENSTREETMAP,OpenStreetMap contributors (ODbL),,,CANDIDATE,LEVEL_1_SOURCE_VERIFIED,2026-08-13,false,false,false,false,false,,,,,INSUFFICIENT_DATA,,,,LOW,"OSM tags: {""amenity"": ""fast_food"", ""name"": ""Baskin RObins""} | area DERIVED from OSM coordinates (nearest locality centroid, ~0.24 km); not source-stated"
HB-OSM-W278532982,Cafe Coffee Day,cafe,Jaipur,Rajasthan,Vaishali Nagar,,,"amrapali circle, vaishali",,26.9117205,75.7440443,OSM_MAPPED,"amrapali circle, vaishali, jaipur",cafe,,coffee_shop,,,,,,,,,,,,https://www.openstreetmap.org/way/278532982,OPENSTREETMAP,OpenStreetMap contributors (ODbL),,,CANDIDATE,LEVEL_1_SOURCE_VERIFIED,2026-08-13,false,false,false,false,false,,,,,INSUFFICIENT_DATA,,,,LOW,"OSM tags: {""addr:city"": ""jaipur"", ""addr:street"": ""amrapali circle, vaishali"", ""amenity"": ""cafe"", ""brand"": ""Cafe Coffee Day"", ""brand:wikidata"": ""Q5017235"", ""building"": ""yes"", ""cuisine"": ""coffee_shop"", ""internet_access"": ""no"", ""name"": ""Cafe Coffee Day"", ""takeaway"": ""yes""} | area DERIVED from OSM coordinates (nearest locality centroid, ~0.22 km); not source-stated"
