priority,vendor_id,vendor_name,area,landmark,address,latitude,longitude,signature_dish_claimed,published_price,published_hours,source_url,CHK_exists,CHK_name_correct,CHK_gps_captured,CHK_food_confirmed,CHK_signature_item,CHK_price_actual,CHK_hours_actual,CHK_closed_days,CHK_photos_taken,CHK_vendor_consent,field_notes,visited_by,visit_date,status
P1_ANCHOR,HB-DOC-0001,Rawat Misthan Bhandar,Sindhi Camp,"Polo Victory, Station Road",,,,Pyaz kachori; mawa kachori; ghewar,INR 30-40,,https://rawatmisthanbhandar.in/,,,,,,,,,,,,,,PENDING
P1_ANCHOR,HB-DOC-0002,Lassiwala (Kishan Lal Govind Narain Agarwal),MI Road,Next to Niros Restaurant,"Shop 312, MI Road, Jaipur",,,"Lassi (curd and sugar, no water)",INR 30-60,07:00-16:00,https://learnjaipur.in/lassiwala-jaipur/,,,,,,,,,,,,,,PENDING
P1_ANCHOR,HB-DOC-0003,Laxmi Misthan Bhandar (LMB),Johari Bazaar,,"Johari Bazaar, Jaipur",26.9196343,75.8254983,Paneer ghewar; dal baati churma; raj kachori,,,https://lmbsweets.com/about-us/,,,,,,,,,,,,,,PENDING
P1_ANCHOR,HB-DOC-0004,Gulab Ji Chai Wale,MI Road,Ganpati Plaza lane,"Shop 17, Ganpati Plaza, MI Road, Jaipur",26.9194326,75.7997638,Kulhad chai; bun maska; bun samosa,INR 20-20,,https://gulabjichaiwale.com/,,,,,,,,,,,,,,PENDING
P1_ANCHOR,HB-DOC-0005,Sahu Chaiwala (Sahu ki Chai),Chandpole,"New Gate / Chaura Rasta, walled city",,26.9183926,75.8213095,"Kulhad kadak chai (cardamom, simmered cream)",INR 20-20,,https://www.outlooktraveller.com/experiences/food-and-drink/a-weekend-in-the-street-food-haven-of-jaipur,,,,,,,,,,,,,,PENDING
P1_ANCHOR,HB-DOC-0006,Egg Dee - Sanjay Omelette,Bapu Nagar,"Janta Store Shopping Centre, University Marg",,,,Masala omelette; omelette pizza,,,https://eggdee.com/,,,,,,,,,,,,,,PENDING
P1_ANCHOR,HB-DOC-0007,Pandit Kulfi,Hawa Mahal area,Near Hawa Mahal,"110 Hawa Mahal Rd, Sirahdeori Bazar, Jaipur",26.9267387,75.8277588,"Kulfi (malai, kesar pista, paan); faluda",,,https://www.tasteofcity.com/jaipur/pandit-kulfi-ki-kulfi-hawa-mahal-road,,,,,,,,,,,,,,PENDING
P1_ANCHOR,HB-DOC-0008,Samrat Restaurant,Chaura Rasta,Walled city; also stall at Masala Chowk,,,,Pyaz ki kachori; samosa; jalebi,,,https://www.outlooktraveller.com/experiences/food-and-drink/a-weekend-in-the-street-food-haven-of-jaipur,,,,,,,,,,,,,,PENDING
P1_ANCHOR,HB-DOC-0014,Mahaveer Rabri Bhandar,Chandpole,Mishra Rajaji ka Rasta; also stall at Masala Chowk,,,,Rabri; missi roti,,,https://www.outlooktraveller.com/experiences/food-and-drink/a-weekend-in-the-street-food-haven-of-jaipur,,,,,,,,,,,,,,PENDING
P1_ANCHOR,HB-DOC-0022,Kanha,Gopalpura,"First outlet Gopalpura (2008); branches Subhash Nagar, Vaishali Nagar, C-Scheme",,,,Ghewar; kaju katli; chaat; thali,,,https://www.kanha.co/about.html,,,,,,,,,,,,,,PENDING
P2_MASALA_CHOWK,HB-DOC-0008,Samrat Restaurant,Chaura Rasta,Walled city; also stall at Masala Chowk,,,,Pyaz ki kachori; samosa; jalebi,,,https://www.outlooktraveller.com/experiences/food-and-drink/a-weekend-in-the-street-food-haven-of-jaipur,,,,,,,,,,,,,,PENDING
P2_MASALA_CHOWK,HB-DOC-0014,Mahaveer Rabri Bhandar,Chandpole,Mishra Rajaji ka Rasta; also stall at Masala Chowk,,,,Rabri; missi roti,,,https://www.outlooktraveller.com/experiences/food-and-drink/a-weekend-in-the-street-food-haven-of-jaipur,,,,,,,,,,,,,,PENDING
P2_MASALA_CHOWK,HB-DOC-0016,Gopal Singh Patasi Bhandar,Ram Niwas Garden,"Masala Chowk, near Albert Hall Museum",,,,Golgappa / patashi,,,https://www.jaipurlove.com/masala-chowk-jaipur-review/880/,,,,,,,,,,,,,,PENDING
P2_MASALA_CHOWK,HB-DOC-0017,Sethani Ka Dhaba,Ram Niwas Garden,Masala Chowk,,,,Bajre/bejar ki roti; kadhi,,,https://www.jaipurlove.com/masala-chowk-jaipur-review/880/,,,,,,,,,,,,,,PENDING
P2_MASALA_CHOWK,HB-DOC-0018,Rama Kishana Kalkatti Chat,Ram Niwas Garden,Masala Chowk,,,,Kolkata-style chaat,,,https://www.jaipurlove.com/masala-chowk-jaipur-review/880/,,,,,,,,,,,,,,PENDING
P2_MASALA_CHOWK,HB-DOC-0019,Pawana Rajasthani Vyanjan,Ram Niwas Garden,Masala Chowk,,,,Dal baati churma; gatta curry,,,https://www.jaipurlove.com/masala-chowk-jaipur-review/880/,,,,,,,,,,,,,,PENDING
P2_MASALA_CHOWK,HB-DOC-0020,Andewalaz,Ram Niwas Garden,Masala Chowk,,,,Egg bhurji; omelettes,,,https://www.jaipurlove.com/masala-chowk-jaipur-review/880/,,,,,,,,,,,,,,PENDING
P3_HIDDEN_GEM,HB-DOC-0009,Prem Prakash (PP) Samosa,Chaura Rasta,Near Golcha Cinema,,,,PP samosa (potato-pea),,,https://www.outlooktraveller.com/experiences/food-and-drink/a-weekend-in-the-street-food-haven-of-jaipur,,,,,,,,,,,,,,PENDING
P3_HIDDEN_GEM,HB-DOC-0010,Danger Special Patashi (DSP),Bapu Bazaar,,,,,Patashi (golgappa/pani puri),,,https://www.outlooktraveller.com/experiences/food-and-drink/a-weekend-in-the-street-food-haven-of-jaipur,,,,,,,,,,,,,,PENDING
P3_HIDDEN_GEM,HB-DOC-0011,Prajeet Chaat Bhandar,Baba Harish Chandra Marg,,,,,Aloo tikki chaat,,,https://www.outlooktraveller.com/experiences/food-and-drink/a-weekend-in-the-street-food-haven-of-jaipur,,,,,,,,,,,,,,PENDING
P3_HIDDEN_GEM,HB-DOC-0012,Special Kulfi Bhandar,Khejron ka Rasta,Outside Khejron ka Rasta,,,,Rabri kulfi,,,https://www.outlooktraveller.com/experiences/food-and-drink/a-weekend-in-the-street-food-haven-of-jaipur,,,,,,,,,,,,,,PENDING
